id	title	description	link	image_link	additional_image_link	availability	price	brand	condition	google_product_category	product_type	identifier_exists	shipping	custom_label_0	custom_label_1
earthy-bathroom-wall-art-set-of-3-charcoa-ab6cf242	Earthy Bathroom Wall Art Set of 3 | Charcoal and Clay Prints	Three matching earthy prints for the bathroom. Sun Over Hill, Atomic Star and Hourglass Lines share one palette — warm stone, charcoal, clay and grey — and one graphic mid century style, so they hang together as a single composition. Buy the set and save compared to three single prints. Designed for bathroom and powder room walls; just as good above a bed or along a hallway. Details Enhanced matte paper, 189 g/m² (10.3 mil), museum-quality archival inks Sizes: 8×10, 11×14, 12×16, 12×18, 16×20, 18×24, 20×30, 24×36 in Frame not included — fits standard frames Printed to order, ships rolled from the US or EU Set of 3 prints — pick the size for each print Colors may vary slightly between screens and print. Earthy bathroom wall art set of 3, charcoal and clay prints, mid century graphic posters, neutral gallery wall set, modern bathroom decor.	https://clayandline.com/products/earthy-bathroom-wall-art-set-of-3-charcoal-clay-prints?utm_source=google&utm_medium=shopping&utm_campaign=google-shopping&utm_content=earthy-bathroom-wall-art-set-of-3-charcoal-clay-prints	https://meakamst-stack.github.io/clayline-pinterest-feed/pins/charcoal-clay-12/earthy-bathroom-wall-art-set-of-3-charcoal-clay-prints-bath-oak-3-v1.jpg		in stock	60.48 USD	Clay & Line	new	Home & Garden > Decor > Artwork > Posters, Prints, & Visual Artwork	Home Decor > Wall Art > Bathroom	no	US:::6.59 USD	charcoal-clay-12	set
colorful-bathroom-wall-art-set-of-3-coral-5d8aa842	Colorful Bathroom Wall Art Set of 3 | Coral and Teal Retro Prints	Three matching retro prints for the bathroom. Boomerang, Atomic Chain and Teal Swoosh share one palette — warm white, coral, teal and yellow — and one playful mid century style, so they hang together as a single composition. Buy the set and save compared to three single prints. Designed for bathroom and powder room walls; just as good above a bed or along a hallway. Details Enhanced matte paper, 189 g/m² (10.3 mil), museum-quality archival inks Sizes: 8×10, 11×14, 12×16, 12×18, 16×20, 18×24, 20×30, 24×36 in Frame not included — fits standard frames Printed to order, ships rolled from the US or EU Set of 3 prints — pick the size for each print Colors may vary slightly between screens and print. Colorful bathroom wall art set of 3, coral and teal retro prints, mid century atomic posters, fun gallery wall set, bright bathroom decor.	https://clayandline.com/products/colorful-bathroom-wall-art-set-of-3-coral-teal-prints?utm_source=google&utm_medium=shopping&utm_campaign=google-shopping&utm_content=colorful-bathroom-wall-art-set-of-3-coral-teal-prints	https://meakamst-stack.github.io/clayline-pinterest-feed/pins/coral-pop-11/colorful-bathroom-wall-art-set-of-3-coral-teal-prints-bath-oak-3-v1.jpg		in stock	60.48 USD	Clay & Line	new	Home & Garden > Decor > Artwork > Posters, Prints, & Visual Artwork	Home Decor > Wall Art > Bathroom	no	US:::6.59 USD	coral-pop-11	set
green-bathroom-wall-art-set-of-3-forest-g-80c78839	Green Bathroom Wall Art Set of 3 | Forest and Gold Prints	Three matching forest green prints for the bathroom. Golden Branch, Quartered Sun and Mirror Arches share one palette — sage white, forest green, gold and mint — and one calm, natural style, so they hang together as a single composition. Buy the set and save compared to three single prints. Designed for bathroom and powder room walls; just as good above a bed or along a hallway. Details Enhanced matte paper, 189 g/m² (10.3 mil), museum-quality archival inks Sizes: 8×10, 11×14, 12×16, 12×18, 16×20, 18×24, 20×30, 24×36 in Frame not included — fits standard frames Printed to order, ships rolled from the US or EU Set of 3 prints — pick the size for each print Colors may vary slightly between screens and print. Green bathroom wall art set of 3, forest and gold prints, botanical mid century posters, moody gallery wall set, spa bathroom decor.	https://clayandline.com/products/green-bathroom-wall-art-set-of-3-forest-gold-prints?utm_source=google&utm_medium=shopping&utm_campaign=google-shopping&utm_content=green-bathroom-wall-art-set-of-3-forest-gold-prints	https://meakamst-stack.github.io/clayline-pinterest-feed/pins/forest-gold-10/green-bathroom-wall-art-set-of-3-forest-gold-prints-bath-oak-3-v1.jpg		in stock	60.48 USD	Clay & Line	new	Home & Garden > Decor > Artwork > Posters, Prints, & Visual Artwork	Home Decor > Wall Art > Bathroom	no	US:::6.59 USD	forest-gold-10	set
lavender-bathroom-wall-art-set-of-3-moon-60b65db9	Lavender Bathroom Wall Art Set of 3 | Pastel Moon and Star Prints	Three matching lavender prints for the bathroom. Moonrise, Soft Window and Night Sky share one palette — lilac white, lavender, plum and butter yellow — and one dreamy, soft style, so they hang together as a single, calm composition. Buy the set and save compared to three single prints. Designed for bathroom and powder room walls; just as good above a bed or along a hallway. Details Enhanced matte paper, 189 g/m² (10.3 mil), museum-quality archival inks Sizes: 8×10, 11×14, 12×16, 12×18, 16×20, 18×24, 20×30, 24×36 in Frame not included — fits standard frames Printed to order, ships rolled from the US or EU Set of 3 prints — pick the size for each print Colors may vary slightly between screens and print. Lavender bathroom wall art set of 3, pastel moon and star prints, purple boho posters, celestial gallery wall set, soft bathroom decor.	https://clayandline.com/products/lavender-bathroom-wall-art-set-of-3-moon-star-prints?utm_source=google&utm_medium=shopping&utm_campaign=google-shopping&utm_content=lavender-bathroom-wall-art-set-of-3-moon-star-prints	https://meakamst-stack.github.io/clayline-pinterest-feed/pins/lavender-night-09/lavender-bathroom-wall-art-set-of-3-moon-star-prints-bath-oak-3-v1.jpg		in stock	60.48 USD	Clay & Line	new	Home & Garden > Decor > Artwork > Posters, Prints, & Visual Artwork	Home Decor > Wall Art > Bathroom	no	US:::6.59 USD	lavender-night-09	set
atomic-starburst-print-mid-century-bathro-bc51493f	Atomic Starburst Print | Mid Century Bathroom Wall Art	A mid century atomic star in charcoal and clay. A charcoal atomic starburst with a clay center floats above a soft stone line — retro, clean and calm. Made for bathroom walls and powder rooms — pairs with the other two Charcoal Clay prints for a set that reads as one piece. Details Enhanced matte paper, 189 g/m² (10.3 mil), museum-quality archival inks Sizes: 8×10, 11×14, 12×16, 12×18, 16×20, 18×24, 20×30, 24×36 in Frame not included — fits standard frames Printed to order, ships rolled from the US or EU Part of the Charcoal Clay set — buy all three and save Colors may vary slightly between screens and print. Atomic starburst print, mid century modern wall art, charcoal and clay poster, retro bathroom prints, above toilet decor, modern earthy decor.	https://clayandline.com/products/atomic-starburst-print-mid-century-bathroom-wall-art?utm_source=google&utm_medium=shopping&utm_campaign=google-shopping&utm_content=atomic-starburst-print-mid-century-bathroom-wall-art	https://meakamst-stack.github.io/clayline-pinterest-feed/pins/charcoal-clay-12/atomic-starburst-print-mid-century-bathroom-wall-art-bath-vanity-v1.jpg	https://meakamst-stack.github.io/clayline-pinterest-feed/pins/charcoal-clay-12/atomic-starburst-print-mid-century-bathroom-wall-art-bath-dark-v1.jpg	in stock	24.00 USD	Clay & Line	new	Home & Garden > Decor > Artwork > Posters, Prints, & Visual Artwork	Home Decor > Wall Art > Bathroom	no	US:::5.79 USD	charcoal-clay-12	poster
teal-boomerang-sun-print-colorful-bathroo-04bdf55b	Teal Boomerang Sun Print | Colorful Bathroom Wall Art	A teal swoosh over a coral sun. A sweeping teal boomerang curves above a round coral sun — simple, bold and happy. Works on its own above a bathtub or vanity, or as the center piece of the three-print set. Details Enhanced matte paper, 189 g/m² (10.3 mil), museum-quality archival inks Sizes: 8×10, 11×14, 12×16, 12×18, 16×20, 18×24, 20×30, 24×36 in Frame not included — fits standard frames Printed to order, ships rolled from the US or EU Part of the Coral Pop set — buy all three and save Colors may vary slightly between screens and print. Teal boomerang print, coral sun poster, colorful bathroom decor, retro abstract art, mid century minimalist print, bright wall art for bathroom.	https://clayandline.com/products/teal-boomerang-sun-print-colorful-bathroom-wall-art?utm_source=google&utm_medium=shopping&utm_campaign=google-shopping&utm_content=teal-boomerang-sun-print-colorful-bathroom-wall-art	https://meakamst-stack.github.io/clayline-pinterest-feed/pins/coral-pop-11/teal-boomerang-sun-print-colorful-bathroom-wall-art-bath-vanity-v1.jpg	https://meakamst-stack.github.io/clayline-pinterest-feed/pins/coral-pop-11/teal-boomerang-sun-print-colorful-bathroom-wall-art-bath-cool-v1.jpg	in stock	24.00 USD	Clay & Line	new	Home & Garden > Decor > Artwork > Posters, Prints, & Visual Artwork	Home Decor > Wall Art > Bathroom	no	US:::5.79 USD	coral-pop-11	poster
coral-boomerang-print-retro-bathroom-wall-art	Coral Boomerang Print | Retro Bathroom Wall Art	A playful coral boomerang with teal and yellow. A bold coral boomerang floats above a teal circle and a little yellow dot — cheerful, retro and full of energy. Hang it above the toilet, next to the mirror or as the anchor of a small gallery wall. Also at home in a bedroom or hallway. Details Enhanced matte paper, 189 g/m² (10.3 mil), museum-quality archival inks Sizes: 8×10, 11×14, 12×16, 12×18, 16×20, 18×24, 20×30, 24×36 in Frame not included — fits standard frames Printed to order, ships rolled from the US or EU Part of the Coral Pop set — buy all three and save Colors may vary slightly between screens and print. Mid century boomerang print, coral wall art, retro bathroom decor, teal and coral poster, 50s atomic art, fun gallery wall print.	https://clayandline.com/products/coral-boomerang-print-retro-bathroom-wall-art?utm_source=google&utm_medium=shopping&utm_campaign=google-shopping&utm_content=coral-boomerang-print-retro-bathroom-wall-art	https://meakamst-stack.github.io/clayline-pinterest-feed/pins/coral-pop-11/coral-boomerang-print-retro-bathroom-wall-art-bath-vanity-v1.jpg	https://meakamst-stack.github.io/clayline-pinterest-feed/pins/coral-pop-11/coral-boomerang-print-retro-bathroom-wall-art-bath-cool-v1.jpg	in stock	24.00 USD	Clay & Line	new	Home & Garden > Decor > Artwork > Posters, Prints, & Visual Artwork	Home Decor > Wall Art > Bathroom	no	US:::5.79 USD	coral-pop-11	poster
charcoal-sun-print-earthy-bathroom-wall-art	Charcoal Sun Print | Earthy Bathroom Wall Art	A charcoal sun shining over a clay hill. Fine charcoal rays burst from a dark sun above a warm clay hill — earthy, grounded and graphic. Hang it above the toilet, next to the mirror or as the anchor of a small gallery wall. Also at home in a bedroom or hallway. Details Enhanced matte paper, 189 g/m² (10.3 mil), museum-quality archival inks Sizes: 8×10, 11×14, 12×16, 12×18, 16×20, 18×24, 20×30, 24×36 in Frame not included — fits standard frames Printed to order, ships rolled from the US or EU Part of the Charcoal Clay set — buy all three and save Colors may vary slightly between screens and print. Charcoal sun print, earthy wall art, clay and black poster, boho bathroom decor, minimalist sun art, neutral gallery wall print.	https://clayandline.com/products/charcoal-sun-print-earthy-bathroom-wall-art?utm_source=google&utm_medium=shopping&utm_campaign=google-shopping&utm_content=charcoal-sun-print-earthy-bathroom-wall-art	https://meakamst-stack.github.io/clayline-pinterest-feed/pins/charcoal-clay-12/charcoal-sun-print-earthy-bathroom-wall-art-bath-vanity-v1.jpg	https://meakamst-stack.github.io/clayline-pinterest-feed/pins/charcoal-clay-12/charcoal-sun-print-earthy-bathroom-wall-art-bath-dark-v1.jpg	in stock	24.00 USD	Clay & Line	new	Home & Garden > Decor > Artwork > Posters, Prints, & Visual Artwork	Home Decor > Wall Art > Bathroom	no	US:::5.79 USD	charcoal-clay-12	poster
geometric-hourglass-line-print-black-clay-c8e23807	Geometric Hourglass Line Print | Black and Clay Bathroom Wall Art	Graphic charcoal lines in an hourglass square. Two solid charcoal triangles meet inside a square of fine stripes, grounded by a clay line. Bold geometry with an earthy touch. Works on its own above a bathtub or vanity, or as the center piece of the three-print set. Details Enhanced matte paper, 189 g/m² (10.3 mil), museum-quality archival inks Sizes: 8×10, 11×14, 12×16, 12×18, 16×20, 18×24, 20×30, 24×36 in Frame not included — fits standard frames Printed to order, ships rolled from the US or EU Part of the Charcoal Clay set — buy all three and save Colors may vary slightly between screens and print. Geometric line print, black and clay wall art, mid century hourglass poster, modern bathroom decor, minimalist graphic print, earthy wall art for bathroom.	https://clayandline.com/products/geometric-hourglass-line-print-black-clay-bathroom-wall-art?utm_source=google&utm_medium=shopping&utm_campaign=google-shopping&utm_content=geometric-hourglass-line-print-black-clay-bathroom-wall-art	https://meakamst-stack.github.io/clayline-pinterest-feed/pins/charcoal-clay-12/geometric-hourglass-line-print-black-clay-bathroom-wall-art-bath-vanity-v1.jpg	https://meakamst-stack.github.io/clayline-pinterest-feed/pins/charcoal-clay-12/geometric-hourglass-line-print-black-clay-bathroom-wall-art-bath-dark-v1.jpg	in stock	24.00 USD	Clay & Line	new	Home & Garden > Decor > Artwork > Posters, Prints, & Visual Artwork	Home Decor > Wall Art > Bathroom	no	US:::5.79 USD	charcoal-clay-12	poster
teal-coral-mid-century-print-retro-bathro-5ac0b7b9	Teal and Coral Mid Century Print | Retro Bathroom Wall Art	A teal mid century chain and a coral tile. A teal retro chain shape stands beside a soft coral square — a playful nod to 50s design in fresh colors. Made for bathroom walls and powder rooms — pairs with the other two Coral Pop prints for a set that reads as one piece. Details Enhanced matte paper, 189 g/m² (10.3 mil), museum-quality archival inks Sizes: 8×10, 11×14, 12×16, 12×18, 16×20, 18×24, 20×30, 24×36 in Frame not included — fits standard frames Printed to order, ships rolled from the US or EU Part of the Coral Pop set — buy all three and save Colors may vary slightly between screens and print. Teal and coral wall art, mid century modern print, retro shapes poster, colorful bathroom prints, above toilet decor, fun apartment decor.	https://clayandline.com/products/teal-coral-mid-century-print-retro-bathroom-wall-art?utm_source=google&utm_medium=shopping&utm_campaign=google-shopping&utm_content=teal-coral-mid-century-print-retro-bathroom-wall-art	https://meakamst-stack.github.io/clayline-pinterest-feed/pins/coral-pop-11/teal-coral-mid-century-print-retro-bathroom-wall-art-bath-vanity-v1.jpg	https://meakamst-stack.github.io/clayline-pinterest-feed/pins/coral-pop-11/teal-coral-mid-century-print-retro-bathroom-wall-art-bath-cool-v1.jpg	in stock	24.00 USD	Clay & Line	new	Home & Garden > Decor > Artwork > Posters, Prints, & Visual Artwork	Home Decor > Wall Art > Bathroom	no	US:::5.79 USD	coral-pop-11	poster
green-mid-century-circle-print-modern-bat-56857b63	Green Mid Century Circle Print | Modern Bathroom Wall Art	A bold green circle split in four. A forest green circle divided into four quarters, with a small gold sun in the corner — graphic, balanced and modern. Made for bathroom walls and powder rooms — pairs with the other two Forest Gold prints for a set that reads as one piece. Details Enhanced matte paper, 189 g/m² (10.3 mil), museum-quality archival inks Sizes: 8×10, 11×14, 12×16, 12×18, 16×20, 18×24, 20×30, 24×36 in Frame not included — fits standard frames Printed to order, ships rolled from the US or EU Part of the Forest Gold set — buy all three and save Colors may vary slightly between screens and print. Mid century circle print, dark green wall art, modern bathroom prints, geometric green poster, above toilet decor, gold accent wall art.	https://clayandline.com/products/green-mid-century-circle-print-modern-bathroom-wall-art?utm_source=google&utm_medium=shopping&utm_campaign=google-shopping&utm_content=green-mid-century-circle-print-modern-bathroom-wall-art	https://meakamst-stack.github.io/clayline-pinterest-feed/pins/forest-gold-10/green-mid-century-circle-print-modern-bathroom-wall-art-bath-vanity-v1.jpg	https://meakamst-stack.github.io/clayline-pinterest-feed/pins/forest-gold-10/green-mid-century-circle-print-modern-bathroom-wall-art-bath-dark-v1.jpg	in stock	24.00 USD	Clay & Line	new	Home & Garden > Decor > Artwork > Posters, Prints, & Visual Artwork	Home Decor > Wall Art > Bathroom	no	US:::5.79 USD	forest-gold-10	poster
lilac-mid-century-shape-print-pastel-bath-a429dbcd	Lilac Mid Century Shape Print | Pastel Bathroom Wall Art	A lilac window shape with a butter sun. A rounded lavender frame holds an open window of soft white, with a butter-yellow sun peeking over the corner. Retro and sweet. Made for bathroom walls and powder rooms — pairs with the other two Lavender Night prints for a set that reads as one piece. Details Enhanced matte paper, 189 g/m² (10.3 mil), museum-quality archival inks Sizes: 8×10, 11×14, 12×16, 12×18, 16×20, 18×24, 20×30, 24×36 in Frame not included — fits standard frames Printed to order, ships rolled from the US or EU Part of the Lavender Night set — buy all three and save Colors may vary slightly between screens and print. Lilac wall art, mid century shapes print, pastel bathroom prints, purple and yellow poster, above toilet decor, cute apartment decor.	https://clayandline.com/products/lilac-mid-century-shape-print-pastel-bathroom-wall-art?utm_source=google&utm_medium=shopping&utm_campaign=google-shopping&utm_content=lilac-mid-century-shape-print-pastel-bathroom-wall-art	https://meakamst-stack.github.io/clayline-pinterest-feed/pins/lavender-night-09/lilac-mid-century-shape-print-pastel-bathroom-wall-art-bath-vanity-v1.jpg	https://meakamst-stack.github.io/clayline-pinterest-feed/pins/lavender-night-09/lilac-mid-century-shape-print-pastel-bathroom-wall-art-bath-cool-v1.jpg	in stock	24.00 USD	Clay & Line	new	Home & Garden > Decor > Artwork > Posters, Prints, & Visual Artwork	Home Decor > Wall Art > Bathroom	no	US:::5.79 USD	lavender-night-09	poster
purple-night-sky-star-print-lavender-bath-e70e5d58	Purple Night Sky Star Print | Lavender Bathroom Wall Art	Two little stars over a soft line rainbow. A plum star and a small butter star shine above fine lavender rainbow lines — quiet, magical and light. Works on its own above a bathtub or vanity, or as the center piece of the three-print set. Details Enhanced matte paper, 189 g/m² (10.3 mil), museum-quality archival inks Sizes: 8×10, 11×14, 12×16, 12×18, 16×20, 18×24, 20×30, 24×36 in Frame not included — fits standard frames Printed to order, ships rolled from the US or EU Part of the Lavender Night set — buy all three and save Colors may vary slightly between screens and print. Star wall art, lavender bathroom decor, celestial line art poster, pastel rainbow print, dreamy minimalist art, purple wall art for bathroom.	https://clayandline.com/products/purple-night-sky-star-print-lavender-bathroom-wall-art?utm_source=google&utm_medium=shopping&utm_campaign=google-shopping&utm_content=purple-night-sky-star-print-lavender-bathroom-wall-art	https://meakamst-stack.github.io/clayline-pinterest-feed/pins/lavender-night-09/purple-night-sky-star-print-lavender-bathroom-wall-art-bath-vanity-v1.jpg	https://meakamst-stack.github.io/clayline-pinterest-feed/pins/lavender-night-09/purple-night-sky-star-print-lavender-bathroom-wall-art-bath-cool-v1.jpg	in stock	24.00 USD	Clay & Line	new	Home & Garden > Decor > Artwork > Posters, Prints, & Visual Artwork	Home Decor > Wall Art > Bathroom	no	US:::5.79 USD	lavender-night-09	poster
forest-green-branch-print-botanical-bathr-07779cbd	Forest Green Branch Print | Botanical Bathroom Wall Art	A deep green branch under a golden sun. A forest green leafy branch sweeps across the poster beneath a round gold sun — rich, natural and calm. Hang it above the toilet, next to the mirror or as the anchor of a small gallery wall. Also at home in a bedroom or hallway. Details Enhanced matte paper, 189 g/m² (10.3 mil), museum-quality archival inks Sizes: 8×10, 11×14, 12×16, 12×18, 16×20, 18×24, 20×30, 24×36 in Frame not included — fits standard frames Printed to order, ships rolled from the US or EU Part of the Forest Gold set — buy all three and save Colors may vary slightly between screens and print. Forest green wall art, botanical bathroom print, gold and green poster, leaf branch art, spa bathroom decor, moody gallery wall print.	https://clayandline.com/products/forest-green-branch-print-botanical-bathroom-wall-art?utm_source=google&utm_medium=shopping&utm_campaign=google-shopping&utm_content=forest-green-branch-print-botanical-bathroom-wall-art	https://meakamst-stack.github.io/clayline-pinterest-feed/pins/forest-gold-10/forest-green-branch-print-botanical-bathroom-wall-art-bath-vanity-v1.jpg	https://meakamst-stack.github.io/clayline-pinterest-feed/pins/forest-gold-10/forest-green-branch-print-botanical-bathroom-wall-art-bath-dark-v1.jpg	in stock	24.00 USD	Clay & Line	new	Home & Garden > Decor > Artwork > Posters, Prints, & Visual Artwork	Home Decor > Wall Art > Bathroom	no	US:::5.79 USD	forest-gold-10	poster
lavender-moon-print-abstract-bathroom-wall-art	Lavender Moon Print | Abstract Bathroom Wall Art	Soft lavender art with a rising moon. A fine plum ring rises behind a soft lavender hill, with a small butter-yellow star dot above — dreamy, calm and gentle. Hang it above the toilet, next to the mirror or as the anchor of a small gallery wall. Also at home in a bedroom or hallway. Details Enhanced matte paper, 189 g/m² (10.3 mil), museum-quality archival inks Sizes: 8×10, 11×14, 12×16, 12×18, 16×20, 18×24, 20×30, 24×36 in Frame not included — fits standard frames Printed to order, ships rolled from the US or EU Part of the Lavender Night set — buy all three and save Colors may vary slightly between screens and print. Lavender wall art, purple bathroom decor, abstract moon poster, pastel boho print, powder room art, soft gallery wall print.	https://clayandline.com/products/lavender-moon-print-abstract-bathroom-wall-art?utm_source=google&utm_medium=shopping&utm_campaign=google-shopping&utm_content=lavender-moon-print-abstract-bathroom-wall-art	https://meakamst-stack.github.io/clayline-pinterest-feed/pins/lavender-night-09/lavender-moon-print-abstract-bathroom-wall-art-bath-vanity-v1.jpg	https://meakamst-stack.github.io/clayline-pinterest-feed/pins/lavender-night-09/lavender-moon-print-abstract-bathroom-wall-art-bath-cool-v1.jpg	in stock	24.00 USD	Clay & Line	new	Home & Garden > Decor > Artwork > Posters, Prints, & Visual Artwork	Home Decor > Wall Art > Bathroom	no	US:::5.79 USD	lavender-night-09	poster
green-line-arch-print-boho-bathroom-wall-art	Green Line Arch Print | Boho Bathroom Wall Art	Mirrored green arches around a mint circle. Fine forest green arches reach down and up toward a soft mint circle and a small green dot — symmetrical and soothing. Works on its own above a bathtub or vanity, or as the center piece of the three-print set. Details Enhanced matte paper, 189 g/m² (10.3 mil), museum-quality archival inks Sizes: 8×10, 11×14, 12×16, 12×18, 16×20, 18×24, 20×30, 24×36 in Frame not included — fits standard frames Printed to order, ships rolled from the US or EU Part of the Forest Gold set — buy all three and save Colors may vary slightly between screens and print. Green line art print, boho arch poster, sage and forest wall art, mirrored rainbow print, calm bathroom decor, green wall art for bathroom.	https://clayandline.com/products/green-line-arch-print-boho-bathroom-wall-art?utm_source=google&utm_medium=shopping&utm_campaign=google-shopping&utm_content=green-line-arch-print-boho-bathroom-wall-art	https://meakamst-stack.github.io/clayline-pinterest-feed/pins/forest-gold-10/green-line-arch-print-boho-bathroom-wall-art-bath-vanity-v1.jpg	https://meakamst-stack.github.io/clayline-pinterest-feed/pins/forest-gold-10/green-line-arch-print-boho-bathroom-wall-art-bath-dark-v1.jpg	in stock	24.00 USD	Clay & Line	new	Home & Garden > Decor > Artwork > Posters, Prints, & Visual Artwork	Home Decor > Wall Art > Bathroom	no	US:::5.79 USD	forest-gold-10	poster
dusty-blue-bathroom-wall-art-set-of-3-pea-afcad20a	Dusty Blue Bathroom Wall Art Set of 3 | Peach Line Art Prints	Three matching soft line art prints for the bathroom. Peach Arch, Ripple Star and Peach Sunrise share one palette — blush white, dusty blue, peach and slate — and one language of fine lines and soft suns, so they hang together as a single, calm composition. Buy the set and save compared to three single prints. Designed for bathroom and powder room walls; just as good above a bed or along a hallway. Details Enhanced matte paper, 189 g/m² (10.3 mil), museum-quality archival inks Sizes: 8×10, 11×14, 12×16, 12×18, 16×20, 18×24, 20×30, 24×36 in Frame not included — fits standard frames Printed to order, ships rolled from the US or EU Set of 3 prints — pick the size for each print Colors may vary slightly between screens and print. Dusty blue bathroom wall art set of 3, peach line art prints, pastel boho posters, soft gallery wall set, calm bathroom decor.	https://clayandline.com/products/dusty-blue-bathroom-wall-art-set-of-3-peach-line-prints?utm_source=google&utm_medium=shopping&utm_campaign=google-shopping&utm_content=dusty-blue-bathroom-wall-art-set-of-3-peach-line-prints	https://meakamst-stack.github.io/clayline-pinterest-feed/pins/dusty-blue-08/dusty-blue-bathroom-wall-art-set-of-3-peach-line-prints-bath-oak-3-v1.jpg		in stock	60.48 USD	Clay & Line	new	Home & Garden > Decor > Artwork > Posters, Prints, & Visual Artwork	Home Decor > Wall Art > Bathroom	no	US:::6.59 USD	dusty-blue-08	set
black-white-bathroom-wall-art-set-of-3-mi-8a3048a5	Black and White Bathroom Wall Art Set of 3 | Minimalist Prints	Three matching minimalist prints for the bathroom. Rings, Black Sun and Square Spiral share one palette — off-white, black, grey and sand — and one clean graphic style, so they hang together as a single, calm composition. Buy the set and save compared to three single prints. Designed for bathroom and powder room walls; just as good above a bed or along a hallway. Details Enhanced matte paper, 189 g/m² (10.3 mil), museum-quality archival inks Sizes: 8×10, 11×14, 12×16, 12×18, 16×20, 18×24, 20×30, 24×36 in Frame not included — fits standard frames Printed to order, ships rolled from the US or EU Set of 3 prints — pick the size for each print Colors may vary slightly between screens and print. Black and white bathroom wall art set of 3, minimalist geometric prints, monochrome posters, modern gallery wall set, scandinavian bathroom decor.	https://clayandline.com/products/black-white-bathroom-wall-art-set-of-3-minimalist-prints?utm_source=google&utm_medium=shopping&utm_campaign=google-shopping&utm_content=black-white-bathroom-wall-art-set-of-3-minimalist-prints	https://meakamst-stack.github.io/clayline-pinterest-feed/pins/mono-minimal-07/black-white-bathroom-wall-art-set-of-3-minimalist-prints-bath-oak-3-v1.jpg		in stock	60.48 USD	Clay & Line	new	Home & Garden > Decor > Artwork > Posters, Prints, & Visual Artwork	Home Decor > Wall Art > Bathroom	no	US:::6.59 USD	mono-minimal-07	set
retro-bathroom-wall-art-set-of-3-olive-mu-680af0f7	Retro Bathroom Wall Art Set of 3 | Olive and Mustard 70s Prints	Three matching retro prints for the bathroom. Garden Sun, Striped Corner and Sprout share one palette — warm cream, olive, mustard and brown — and one playful 70s style, so they hang together as a single composition. Buy the set and save compared to three single prints. Designed for bathroom and powder room walls; just as good above a bed or along a hallway. Details Enhanced matte paper, 189 g/m² (10.3 mil), museum-quality archival inks Sizes: 8×10, 11×14, 12×16, 12×18, 16×20, 18×24, 20×30, 24×36 in Frame not included — fits standard frames Printed to order, ships rolled from the US or EU Set of 3 prints — pick the size for each print Colors may vary slightly between screens and print. Retro bathroom wall art set of 3, olive and mustard prints, 70s boho posters, mid century gallery wall set, retro bathroom decor.	https://clayandline.com/products/retro-bathroom-wall-art-set-of-3-olive-mustard-prints?utm_source=google&utm_medium=shopping&utm_campaign=google-shopping&utm_content=retro-bathroom-wall-art-set-of-3-olive-mustard-prints	https://meakamst-stack.github.io/clayline-pinterest-feed/pins/olive-retro-06/retro-bathroom-wall-art-set-of-3-olive-mustard-prints-bath-oak-3-v1.jpg		in stock	60.48 USD	Clay & Line	new	Home & Garden > Decor > Artwork > Posters, Prints, & Visual Artwork	Home Decor > Wall Art > Bathroom	no	US:::6.59 USD	olive-retro-06	set
neutral-bathroom-wall-art-set-of-3-mocha-a34cc191	Neutral Bathroom Wall Art Set of 3 | Mocha Boho Arch Prints	Three matching neutral prints for the bathroom. Layered Arch, Split Hill and Line Gate share one palette — warm beige, latte, mocha and espresso — and one language of arches and suns, so they hang together as a single, calm composition. Buy the set and save compared to three single prints. Designed for bathroom and powder room walls; just as good above a bed or along a hallway. Details Enhanced matte paper, 189 g/m² (10.3 mil), museum-quality archival inks Sizes: 8×10, 11×14, 12×16, 12×18, 16×20, 18×24, 20×30, 24×36 in Frame not included — fits standard frames Printed to order, ships rolled from the US or EU Set of 3 prints — pick the size for each print Colors may vary slightly between screens and print. Neutral bathroom wall art set of 3, mocha boho prints, beige arch posters, earthy gallery wall set, minimalist bathroom decor.	https://clayandline.com/products/neutral-bathroom-wall-art-set-of-3-mocha-arch-prints?utm_source=google&utm_medium=shopping&utm_campaign=google-shopping&utm_content=neutral-bathroom-wall-art-set-of-3-mocha-arch-prints	https://meakamst-stack.github.io/clayline-pinterest-feed/pins/mocha-arches-05/neutral-bathroom-wall-art-set-of-3-mocha-arch-prints-bath-oak-3-v1.jpg		in stock	60.48 USD	Clay & Line	new	Home & Garden > Decor > Artwork > Posters, Prints, & Visual Artwork	Home Decor > Wall Art > Bathroom	no	US:::6.59 USD	mocha-arches-05	set
dusty-blue-line-arch-print-peach-bathroom-wall-art	Dusty Blue Line Arch Print | Peach Bathroom Wall Art	Soft peach sun inside a fine slate arch. A peach sun glows through thin slate lines shaped like a tall arch — light, airy and gentle. Hang it above the toilet, next to the mirror or as the anchor of a small gallery wall. Also at home in a bedroom or hallway. Details Enhanced matte paper, 189 g/m² (10.3 mil), museum-quality archival inks Sizes: 8×10, 11×14, 12×16, 12×18, 16×20, 18×24, 20×30, 24×36 in Frame not included — fits standard frames Printed to order, ships rolled from the US or EU Part of the Dusty Blue set — buy all three and save Colors may vary slightly between screens and print. Line arch print, peach and blue wall art, soft bathroom decor, boho rainbow poster, minimalist line art, pastel gallery wall print.	https://clayandline.com/products/dusty-blue-line-arch-print-peach-bathroom-wall-art?utm_source=google&utm_medium=shopping&utm_campaign=google-shopping&utm_content=dusty-blue-line-arch-print-peach-bathroom-wall-art	https://meakamst-stack.github.io/clayline-pinterest-feed/pins/dusty-blue-08/dusty-blue-line-arch-print-peach-bathroom-wall-art-bath-vanity-v1.jpg	https://meakamst-stack.github.io/clayline-pinterest-feed/pins/dusty-blue-08/dusty-blue-line-arch-print-peach-bathroom-wall-art-bath-cool-v1.jpg	in stock	24.00 USD	Clay & Line	new	Home & Garden > Decor > Artwork > Posters, Prints, & Visual Artwork	Home Decor > Wall Art > Bathroom	no	US:::5.79 USD	dusty-blue-08	poster
peach-sunrise-rainbow-print-dusty-blue-ba-aa2655fe	Peach Sunrise Rainbow Print | Dusty Blue Bathroom Wall Art	A peach sun rising over fine rainbow lines. A soft peach sun sits above a slate line rainbow and a dusty blue ground line — warm and cool in perfect balance. Works on its own above a bathtub or vanity, or as the center piece of the three-print set. Details Enhanced matte paper, 189 g/m² (10.3 mil), museum-quality archival inks Sizes: 8×10, 11×14, 12×16, 12×18, 16×20, 18×24, 20×30, 24×36 in Frame not included — fits standard frames Printed to order, ships rolled from the US or EU Part of the Dusty Blue set — buy all three and save Colors may vary slightly between screens and print. Peach sunrise print, dusty blue wall art, rainbow line poster, soft boho bathroom decor, minimalist sun print, pastel wall art for bathroom.	https://clayandline.com/products/peach-sunrise-rainbow-print-dusty-blue-bathroom-wall-art?utm_source=google&utm_medium=shopping&utm_campaign=google-shopping&utm_content=peach-sunrise-rainbow-print-dusty-blue-bathroom-wall-art	https://meakamst-stack.github.io/clayline-pinterest-feed/pins/dusty-blue-08/peach-sunrise-rainbow-print-dusty-blue-bathroom-wall-art-bath-vanity-v1.jpg	https://meakamst-stack.github.io/clayline-pinterest-feed/pins/dusty-blue-08/peach-sunrise-rainbow-print-dusty-blue-bathroom-wall-art-bath-cool-v1.jpg	in stock	24.00 USD	Clay & Line	new	Home & Garden > Decor > Artwork > Posters, Prints, & Visual Artwork	Home Decor > Wall Art > Bathroom	no	US:::5.79 USD	dusty-blue-08	poster
black-circle-line-art-print-minimalist-ba-b83759ac	Black Circle Line Art Print | Minimalist Bathroom Wall Art	Minimalist black rings with a sand center. Concentric black rings ripple out from a small sand-colored center on a soft off-white background — clean, graphic and calm. Hang it above the toilet, next to the mirror or as the anchor of a small gallery wall. Also at home in a bedroom or hallway. Details Enhanced matte paper, 189 g/m² (10.3 mil), museum-quality archival inks Sizes: 8×10, 11×14, 12×16, 12×18, 16×20, 18×24, 20×30, 24×36 in Frame not included — fits standard frames Printed to order, ships rolled from the US or EU Part of the Mono Minimal set — buy all three and save Colors may vary slightly between screens and print. Black and white wall art, minimalist bathroom decor, circle line art poster, modern abstract print, monochrome gallery wall, scandinavian wall art.	https://clayandline.com/products/black-circle-line-art-print-minimalist-bathroom-wall-art?utm_source=google&utm_medium=shopping&utm_campaign=google-shopping&utm_content=black-circle-line-art-print-minimalist-bathroom-wall-art	https://meakamst-stack.github.io/clayline-pinterest-feed/pins/mono-minimal-07/black-circle-line-art-print-minimalist-bathroom-wall-art-bath-vanity-v1.jpg	https://meakamst-stack.github.io/clayline-pinterest-feed/pins/mono-minimal-07/black-circle-line-art-print-minimalist-bathroom-wall-art-bath-dark-v1.jpg	in stock	24.00 USD	Clay & Line	new	Home & Garden > Decor > Artwork > Posters, Prints, & Visual Artwork	Home Decor > Wall Art > Bathroom	no	US:::5.79 USD	mono-minimal-07	poster
blue-ripple-star-print-minimalist-bathroo-d62ea8d9	Blue Ripple Star Print | Minimalist Bathroom Wall Art	Fine blue ripples around a little star. Thin dusty blue rings ripple out from a small slate star — calm like water, with a touch of sparkle. Made for bathroom walls and powder rooms — pairs with the other two Dusty Blue prints for a set that reads as one piece. Details Enhanced matte paper, 189 g/m² (10.3 mil), museum-quality archival inks Sizes: 8×10, 11×14, 12×16, 12×18, 16×20, 18×24, 20×30, 24×36 in Frame not included — fits standard frames Printed to order, ships rolled from the US or EU Part of the Dusty Blue set — buy all three and save Colors may vary slightly between screens and print. Blue circle line art, minimalist bathroom prints, ripple star poster, coastal calm wall art, above toilet decor, pastel blue bathroom decor.	https://clayandline.com/products/blue-ripple-star-print-minimalist-bathroom-wall-art?utm_source=google&utm_medium=shopping&utm_campaign=google-shopping&utm_content=blue-ripple-star-print-minimalist-bathroom-wall-art	https://meakamst-stack.github.io/clayline-pinterest-feed/pins/dusty-blue-08/blue-ripple-star-print-minimalist-bathroom-wall-art-bath-vanity-v1.jpg	https://meakamst-stack.github.io/clayline-pinterest-feed/pins/dusty-blue-08/blue-ripple-star-print-minimalist-bathroom-wall-art-bath-cool-v1.jpg	in stock	24.00 USD	Clay & Line	new	Home & Garden > Decor > Artwork > Posters, Prints, & Visual Artwork	Home Decor > Wall Art > Bathroom	no	US:::5.79 USD	dusty-blue-08	poster
geometric-square-line-print-black-white-b-6c2b06a7	Geometric Square Line Print | Black and White Bathroom Wall Art	Graphic black squares with a sand base line. Nested black squares form a calm, hypnotic block above a soft sand line. Simple geometry that works in any modern space. Works on its own above a bathtub or vanity, or as the center piece of the three-print set. Details Enhanced matte paper, 189 g/m² (10.3 mil), museum-quality archival inks Sizes: 8×10, 11×14, 12×16, 12×18, 16×20, 18×24, 20×30, 24×36 in Frame not included — fits standard frames Printed to order, ships rolled from the US or EU Part of the Mono Minimal set — buy all three and save Colors may vary slightly between screens and print. Geometric square print, black and white bathroom decor, mid century line art, minimalist poster, modern monochrome print, neutral wall art for bathroom.	https://clayandline.com/products/geometric-square-line-print-black-white-bathroom-wall-art?utm_source=google&utm_medium=shopping&utm_campaign=google-shopping&utm_content=geometric-square-line-print-black-white-bathroom-wall-art	https://meakamst-stack.github.io/clayline-pinterest-feed/pins/mono-minimal-07/geometric-square-line-print-black-white-bathroom-wall-art-bath-vanity-v1.jpg	https://meakamst-stack.github.io/clayline-pinterest-feed/pins/mono-minimal-07/geometric-square-line-print-black-white-bathroom-wall-art-bath-dark-v1.jpg	in stock	24.00 USD	Clay & Line	new	Home & Garden > Decor > Artwork > Posters, Prints, & Visual Artwork	Home Decor > Wall Art > Bathroom	no	US:::5.79 USD	mono-minimal-07	poster
black-sun-abstract-print-modern-bathroom-wall-art	Black Sun Abstract Print | Modern Bathroom Wall Art	A bold black sun over soft grey lines. A solid black circle rises above a block of fine grey vertical lines — bold but quiet, with lots of space around it. Made for bathroom walls and powder rooms — pairs with the other two Mono Minimal prints for a set that reads as one piece. Details Enhanced matte paper, 189 g/m² (10.3 mil), museum-quality archival inks Sizes: 8×10, 11×14, 12×16, 12×18, 16×20, 18×24, 20×30, 24×36 in Frame not included — fits standard frames Printed to order, ships rolled from the US or EU Part of the Mono Minimal set — buy all three and save Colors may vary slightly between screens and print. Black sun print, modern bathroom wall art, black and grey poster, minimalist abstract art, above toilet decor, monochrome bathroom decor.	https://clayandline.com/products/black-sun-abstract-print-modern-bathroom-wall-art?utm_source=google&utm_medium=shopping&utm_campaign=google-shopping&utm_content=black-sun-abstract-print-modern-bathroom-wall-art	https://meakamst-stack.github.io/clayline-pinterest-feed/pins/mono-minimal-07/black-sun-abstract-print-modern-bathroom-wall-art-bath-vanity-v1.jpg	https://meakamst-stack.github.io/clayline-pinterest-feed/pins/mono-minimal-07/black-sun-abstract-print-modern-bathroom-wall-art-bath-dark-v1.jpg	in stock	24.00 USD	Clay & Line	new	Home & Garden > Decor > Artwork > Posters, Prints, & Visual Artwork	Home Decor > Wall Art > Bathroom	no	US:::5.79 USD	mono-minimal-07	poster
mocha-layered-arch-print-neutral-bathroom-wall-art	Mocha Layered Arch Print | Neutral Bathroom Wall Art	Warm neutral bathroom art with layered arches. A soft latte arch sits behind a fine espresso line arch on a warm beige background — calm, earthy and quietly modern. Hang it above the toilet, next to the mirror or as the anchor of a small gallery wall. Also at home in a bedroom or hallway. Details Enhanced matte paper, 189 g/m² (10.3 mil), museum-quality archival inks Sizes: 8×10, 11×14, 12×16, 12×18, 16×20, 18×24, 20×30, 24×36 in Frame not included — fits standard frames Printed to order, ships rolled from the US or EU Part of the Mocha Arches set — buy all three and save Colors may vary slightly between screens and print. Neutral arch print, mocha wall art, beige bathroom decor, boho line art poster, powder room art, earthy gallery wall print.	https://clayandline.com/products/mocha-layered-arch-print-neutral-bathroom-wall-art?utm_source=google&utm_medium=shopping&utm_campaign=google-shopping&utm_content=mocha-layered-arch-print-neutral-bathroom-wall-art	https://meakamst-stack.github.io/clayline-pinterest-feed/pins/mocha-arches-05/mocha-layered-arch-print-neutral-bathroom-wall-art-bath-vanity-v1.jpg	https://meakamst-stack.github.io/clayline-pinterest-feed/pins/mocha-arches-05/mocha-layered-arch-print-neutral-bathroom-wall-art-bath-dark-v1.jpg	in stock	24.00 USD	Clay & Line	new	Home & Garden > Decor > Artwork > Posters, Prints, & Visual Artwork	Home Decor > Wall Art > Bathroom	no	US:::5.79 USD	mocha-arches-05	poster
beige-split-arch-sun-print-boho-bathroom-wall-art	Beige Split Arch Sun Print | Boho Bathroom Wall Art	Two latte quarter-circles and a mocha sun. A split latte arch rises from the bottom with a round mocha sun beside it — simple, balanced and warm. Made for bathroom walls and powder rooms — pairs with the other two Mocha Arches prints for a set that reads as one piece. Details Enhanced matte paper, 189 g/m² (10.3 mil), museum-quality archival inks Sizes: 8×10, 11×14, 12×16, 12×18, 16×20, 18×24, 20×30, 24×36 in Frame not included — fits standard frames Printed to order, ships rolled from the US or EU Part of the Mocha Arches set — buy all three and save Colors may vary slightly between screens and print. Beige wall art, boho sun print, neutral bathroom prints, mid century shapes poster, above toilet decor, warm minimalist decor.	https://clayandline.com/products/beige-split-arch-sun-print-boho-bathroom-wall-art?utm_source=google&utm_medium=shopping&utm_campaign=google-shopping&utm_content=beige-split-arch-sun-print-boho-bathroom-wall-art	https://meakamst-stack.github.io/clayline-pinterest-feed/pins/mocha-arches-05/beige-split-arch-sun-print-boho-bathroom-wall-art-bath-vanity-v1.jpg	https://meakamst-stack.github.io/clayline-pinterest-feed/pins/mocha-arches-05/beige-split-arch-sun-print-boho-bathroom-wall-art-bath-dark-v1.jpg	in stock	24.00 USD	Clay & Line	new	Home & Garden > Decor > Artwork > Posters, Prints, & Visual Artwork	Home Decor > Wall Art > Bathroom	no	US:::5.79 USD	mocha-arches-05	poster
olive-green-retro-plant-print-bathroom-wall-art	Olive Green Retro Plant Print | Boho Bathroom Wall Art	Retro boho plant under a mustard sun. An olive leafy stem grows from a warm brown hill beneath a mustard sun — playful 70s colors with a calm layout. Hang it above the toilet, next to the mirror or as the anchor of a small gallery wall. Also at home in a bedroom or hallway. Details Enhanced matte paper, 189 g/m² (10.3 mil), museum-quality archival inks Sizes: 8×10, 11×14, 12×16, 12×18, 16×20, 18×24, 20×30, 24×36 in Frame not included — fits standard frames Printed to order, ships rolled from the US or EU Part of the Olive Retro set — buy all three and save Colors may vary slightly between screens and print. Retro plant print, olive green wall art, 70s bathroom decor, mustard and brown poster, boho botanical print, retro gallery wall art.	https://clayandline.com/products/olive-green-retro-plant-print-bathroom-wall-art?utm_source=google&utm_medium=shopping&utm_campaign=google-shopping&utm_content=olive-green-retro-plant-print-bathroom-wall-art	https://meakamst-stack.github.io/clayline-pinterest-feed/pins/olive-retro-06/olive-green-retro-plant-print-bathroom-wall-art-bath-vanity-v1.jpg	https://meakamst-stack.github.io/clayline-pinterest-feed/pins/olive-retro-06/olive-green-retro-plant-print-bathroom-wall-art-bath-dark-v1.jpg	in stock	24.00 USD	Clay & Line	new	Home & Garden > Decor > Artwork > Posters, Prints, & Visual Artwork	Home Decor > Wall Art > Bathroom	no	US:::5.79 USD	olive-retro-06	poster
retro-sprout-print-olive-mustard-bathroom-wall-art	Retro Sprout Print | Olive and Mustard Bathroom Wall Art	A cheerful sprout in olive and mustard. Two mustard leaves sprout from a split olive circle — a simple, happy shape that brings warmth to any wall. Works on its own above a bathtub or vanity, or as the center piece of the three-print set. Details Enhanced matte paper, 189 g/m² (10.3 mil), museum-quality archival inks Sizes: 8×10, 11×14, 12×16, 12×18, 16×20, 18×24, 20×30, 24×36 in Frame not included — fits standard frames Printed to order, ships rolled from the US or EU Part of the Olive Retro set — buy all three and save Colors may vary slightly between screens and print. Retro sprout print, olive and mustard wall art, cute bathroom decor, 70s boho poster, minimalist plant print, retro bathroom wall art.	https://clayandline.com/products/retro-sprout-print-olive-mustard-bathroom-wall-art?utm_source=google&utm_medium=shopping&utm_campaign=google-shopping&utm_content=retro-sprout-print-olive-mustard-bathroom-wall-art	https://meakamst-stack.github.io/clayline-pinterest-feed/pins/olive-retro-06/retro-sprout-print-olive-mustard-bathroom-wall-art-bath-vanity-v1.jpg	https://meakamst-stack.github.io/clayline-pinterest-feed/pins/olive-retro-06/retro-sprout-print-olive-mustard-bathroom-wall-art-bath-dark-v1.jpg	in stock	24.00 USD	Clay & Line	new	Home & Garden > Decor > Artwork > Posters, Prints, & Visual Artwork	Home Decor > Wall Art > Bathroom	no	US:::5.79 USD	olive-retro-06	poster
minimalist-line-arch-print-neutral-bathro-cc3c30f3	Minimalist Line Arch Print | Neutral Bathroom Wall Art	A fine espresso line arch with a mocha sun. Thin espresso lines form a tall arch around a small mocha sun, resting on a soft latte line. Clean and calm. Works on its own above a bathtub or vanity, or as the center piece of the three-print set. Details Enhanced matte paper, 189 g/m² (10.3 mil), museum-quality archival inks Sizes: 8×10, 11×14, 12×16, 12×18, 16×20, 18×24, 20×30, 24×36 in Frame not included — fits standard frames Printed to order, ships rolled from the US or EU Part of the Mocha Arches set — buy all three and save Colors may vary slightly between screens and print. Line arch print, minimalist bathroom decor, neutral boho poster, espresso and beige wall art, modern rainbow print, neutral wall art for bathroom.	https://clayandline.com/products/minimalist-line-arch-print-neutral-bathroom-wall-art?utm_source=google&utm_medium=shopping&utm_campaign=google-shopping&utm_content=minimalist-line-arch-print-neutral-bathroom-wall-art	https://meakamst-stack.github.io/clayline-pinterest-feed/pins/mocha-arches-05/minimalist-line-arch-print-neutral-bathroom-wall-art-bath-vanity-v1.jpg	https://meakamst-stack.github.io/clayline-pinterest-feed/pins/mocha-arches-05/minimalist-line-arch-print-neutral-bathroom-wall-art-bath-dark-v1.jpg	in stock	24.00 USD	Clay & Line	new	Home & Garden > Decor > Artwork > Posters, Prints, & Visual Artwork	Home Decor > Wall Art > Bathroom	no	US:::5.79 USD	mocha-arches-05	poster
mustard-sun-geometric-print-retro-bathroo-0150b468	Mustard Sun Geometric Print | Retro Bathroom Wall Art	Retro olive geometry with a mustard sun. A bold olive triangle and fine striped corner lines meet a round mustard sun in the top corner — graphic and very 70s. Made for bathroom walls and powder rooms — pairs with the other two Olive Retro prints for a set that reads as one piece. Details Enhanced matte paper, 189 g/m² (10.3 mil), museum-quality archival inks Sizes: 8×10, 11×14, 12×16, 12×18, 16×20, 18×24, 20×30, 24×36 in Frame not included — fits standard frames Printed to order, ships rolled from the US or EU Part of the Olive Retro set — buy all three and save Colors may vary slightly between screens and print. Retro geometric print, mustard and olive poster, 70s wall art, abstract bathroom prints, above toilet decor, mid century modern decor.	https://clayandline.com/products/mustard-sun-geometric-print-retro-bathroom-wall-art?utm_source=google&utm_medium=shopping&utm_campaign=google-shopping&utm_content=mustard-sun-geometric-print-retro-bathroom-wall-art	https://meakamst-stack.github.io/clayline-pinterest-feed/pins/olive-retro-06/mustard-sun-geometric-print-retro-bathroom-wall-art-bath-vanity-v1.jpg	https://meakamst-stack.github.io/clayline-pinterest-feed/pins/olive-retro-06/mustard-sun-geometric-print-retro-bathroom-wall-art-bath-dark-v1.jpg	in stock	24.00 USD	Clay & Line	new	Home & Garden > Decor > Artwork > Posters, Prints, & Visual Artwork	Home Decor > Wall Art > Bathroom	no	US:::5.79 USD	olive-retro-06	poster
coastal-bathroom-wall-art-set-of-3-navy-m-6d1f378f	Coastal Bathroom Wall Art Set of 3 | Navy and Mustard Prints	Three matching coastal prints for the bathroom. Sunburst, Sea Sunset and Half Moon share one palette — warm white, navy, ochre and misty blue — and one theme of sun and sea, so they hang together as a single, calm composition. Buy the set and save compared to three single prints. Designed for bathroom and powder room walls; just as good above a bed or along a hallway. Details Enhanced matte paper, 189 g/m² (10.3 mil), museum-quality archival inks Sizes: 8×10, 11×14, 12×16, 12×18, 16×20, 18×24, 20×30, 24×36 in Frame not included — fits standard frames Printed to order, ships rolled from the US or EU Set of 3 prints — pick the size for each print Colors may vary slightly between screens and print. Coastal bathroom wall art set of 3, navy and mustard prints, mid century sun posters, beach bathroom decor, abstract gallery wall set.	https://clayandline.com/products/coastal-bathroom-wall-art-set-of-3-navy-mustard-prints?utm_source=google&utm_medium=shopping&utm_campaign=google-shopping&utm_content=coastal-bathroom-wall-art-set-of-3-navy-mustard-prints	https://meakamst-stack.github.io/clayline-pinterest-feed/pins/coastal-sun-04/coastal-bathroom-wall-art-set-of-3-navy-mustard-prints-bath-oak-3-v1.jpg		in stock	60.48 USD	Clay & Line	new	Home & Garden > Decor > Artwork > Posters, Prints, & Visual Artwork	Home Decor > Wall Art > Bathroom	no	US:::6.59 USD	coastal-sun-04	set
pink-bathroom-wall-art-set-of-3-geometric-prints	Pink Bathroom Wall Art Set of 3 | Mid Century Geometric Prints	Three matching geometric prints for the bathroom. Hourglass, Bloom and Four Quarters share one palette — blush cream, blush, rust and plum — and one language of half-circles and curves, so they hang together as a single composition. Buy the set and save compared to three single prints. Designed for bathroom and powder room walls; just as good above a bed or along a hallway. Details Enhanced matte paper, 189 g/m² (10.3 mil), museum-quality archival inks Sizes: 8×10, 11×14, 12×16, 12×18, 16×20, 18×24, 20×30, 24×36 in Frame not included — fits standard frames Printed to order, ships rolled from the US or EU Set of 3 prints — pick the size for each print Colors may vary slightly between screens and print. Pink bathroom wall art set of 3, mid century geometric prints, rust and blush posters, abstract shapes gallery wall, boho bathroom decor.	https://clayandline.com/products/pink-bathroom-wall-art-set-of-3-geometric-prints?utm_source=google&utm_medium=shopping&utm_campaign=google-shopping&utm_content=pink-bathroom-wall-art-set-of-3-geometric-prints	https://meakamst-stack.github.io/clayline-pinterest-feed/pins/blush-geometric-03/pink-bathroom-wall-art-set-of-3-geometric-prints-bath-oak-3-v1.jpg		in stock	60.48 USD	Clay & Line	new	Home & Garden > Decor > Artwork > Posters, Prints, & Visual Artwork	Home Decor > Wall Art > Bathroom	no	US:::6.59 USD	blush-geometric-03	set
sage-green-bathroom-wall-art-set-of-3-bot-a5927b89	Sage Green Bathroom Wall Art Set of 3 | Botanical Boho Prints	Three matching botanical prints for the bathroom. Leaf Arch, Palm Sun and Rising Stem share one palette — cream, sage, olive and clay — and one simple botanical style, so they hang together as a single, calm composition. Buy the set and save compared to three single prints. Designed for bathroom and powder room walls; just as good above a bed or along a hallway. Details Enhanced matte paper, 189 g/m² (10.3 mil), museum-quality archival inks Sizes: 8×10, 11×14, 12×16, 12×18, 16×20, 18×24, 20×30, 24×36 in Frame not included — fits standard frames Printed to order, ships rolled from the US or EU Set of 3 prints — pick the size for each print Colors may vary slightly between screens and print. Sage green wall art set of 3, botanical bathroom prints, boho plant posters, spa bathroom decor, neutral gallery wall set.	https://clayandline.com/products/sage-green-bathroom-wall-art-set-of-3-botanical-prints?utm_source=google&utm_medium=shopping&utm_campaign=google-shopping&utm_content=sage-green-bathroom-wall-art-set-of-3-botanical-prints	https://meakamst-stack.github.io/clayline-pinterest-feed/pins/sage-botanical-02/sage-green-bathroom-wall-art-set-of-3-botanical-prints-bath-oak-3-v1.jpg		in stock	60.48 USD	Clay & Line	new	Home & Garden > Decor > Artwork > Posters, Prints, & Visual Artwork	Home Decor > Wall Art > Bathroom	no	US:::6.59 USD	sage-botanical-02	set
ocean-waves-sunset-print-coastal-bathroom-wall-art	Ocean Waves Sunset Print | Coastal Bathroom Wall Art	A golden sun sinking into soft blue waves. An ochre sun sets behind rows of misty blue wave lines — calm, airy and a little beachy. Made for bathroom walls and powder rooms — pairs with the other two Coastal Sun prints for a set that reads as one piece. Details Enhanced matte paper, 189 g/m² (10.3 mil), museum-quality archival inks Sizes: 8×10, 11×14, 12×16, 12×18, 16×20, 18×24, 20×30, 24×36 in Frame not included — fits standard frames Printed to order, ships rolled from the US or EU Part of the Coastal Sun set — buy all three and save Colors may vary slightly between screens and print. Ocean wave wall art, coastal bathroom prints, beach sunset poster, minimalist line art, above toilet decor, blue bathroom decor.	https://clayandline.com/products/ocean-waves-sunset-print-coastal-bathroom-wall-art?utm_source=google&utm_medium=shopping&utm_campaign=google-shopping&utm_content=ocean-waves-sunset-print-coastal-bathroom-wall-art	https://meakamst-stack.github.io/clayline-pinterest-feed/pins/coastal-sun-04/ocean-waves-sunset-print-coastal-bathroom-wall-art-bath-vanity-v1.jpg	https://meakamst-stack.github.io/clayline-pinterest-feed/pins/coastal-sun-04/ocean-waves-sunset-print-coastal-bathroom-wall-art-bath-cool-v1.jpg	in stock	24.00 USD	Clay & Line	new	Home & Garden > Decor > Artwork > Posters, Prints, & Visual Artwork	Home Decor > Wall Art > Bathroom	no	US:::5.79 USD	coastal-sun-04	poster
navy-sunburst-print-bathroom-wall-art	Navy Sunburst Print | Mid Century Bathroom Wall Art	Mid century navy sunburst with a golden core. Fine navy rays burst out from a warm ochre center on a soft off-white background — classic mid century, fresh and bright. Hang it above the toilet, next to the mirror or as the anchor of a small gallery wall. Also at home in a bedroom or hallway. Details Enhanced matte paper, 189 g/m² (10.3 mil), museum-quality archival inks Sizes: 8×10, 11×14, 12×16, 12×18, 16×20, 18×24, 20×30, 24×36 in Frame not included — fits standard frames Printed to order, ships rolled from the US or EU Part of the Coastal Sun set — buy all three and save Colors may vary slightly between screens and print. Sunburst wall art, mid century modern bathroom decor, navy and mustard poster, abstract sun print, coastal bathroom art, retro gallery wall print.	https://clayandline.com/products/navy-sunburst-print-bathroom-wall-art?utm_source=google&utm_medium=shopping&utm_campaign=google-shopping&utm_content=navy-sunburst-print-bathroom-wall-art	https://meakamst-stack.github.io/clayline-pinterest-feed/pins/coastal-sun-04/navy-sunburst-print-bathroom-wall-art-bath-vanity-v1.jpg	https://meakamst-stack.github.io/clayline-pinterest-feed/pins/coastal-sun-04/navy-sunburst-print-bathroom-wall-art-bath-cool-v1.jpg	in stock	24.00 USD	Clay & Line	new	Home & Garden > Decor > Artwork > Posters, Prints, & Visual Artwork	Home Decor > Wall Art > Bathroom	no	US:::5.79 USD	coastal-sun-04	poster
rust-star-geometric-print-bathroom-wall-art	Rust Star Geometric Print | Mid Century Bathroom Wall Art	Four rust quarter-circles around a little star. A square of rust quarter-circles frames a small plum star, grounded by a soft blush line. Graphic, warm and playful. Works on its own above a bathtub or vanity, or as the center piece of the three-print set. Details Enhanced matte paper, 189 g/m² (10.3 mil), museum-quality archival inks Sizes: 8×10, 11×14, 12×16, 12×18, 16×20, 18×24, 20×30, 24×36 in Frame not included — fits standard frames Printed to order, ships rolled from the US or EU Part of the Blush Geometric set — buy all three and save Colors may vary slightly between screens and print. Geometric star print, rust wall art, mid century modern bathroom decor, abstract shapes poster, terracotta and pink print, boho bathroom wall art.	https://clayandline.com/products/rust-star-geometric-print-bathroom-wall-art?utm_source=google&utm_medium=shopping&utm_campaign=google-shopping&utm_content=rust-star-geometric-print-bathroom-wall-art	https://meakamst-stack.github.io/clayline-pinterest-feed/pins/blush-geometric-03/rust-star-geometric-print-bathroom-wall-art-bath-vanity-v1.jpg	https://meakamst-stack.github.io/clayline-pinterest-feed/pins/blush-geometric-03/rust-star-geometric-print-bathroom-wall-art-bath-cool-v1.jpg	in stock	24.00 USD	Clay & Line	new	Home & Garden > Decor > Artwork > Posters, Prints, & Visual Artwork	Home Decor > Wall Art > Bathroom	no	US:::5.79 USD	blush-geometric-03	poster
mid-century-hourglass-print-bathroom-wall-art	Mid Century Hourglass Print | Abstract Bathroom Wall Art	Mid century abstract art in warm rust. Two rust half-circles meet around a small plum dot, like a quiet hourglass on a soft blush-cream background. Bold but calm. Hang it above the toilet, next to the mirror or as the anchor of a small gallery wall. Also at home in a bedroom or hallway. Details Enhanced matte paper, 189 g/m² (10.3 mil), museum-quality archival inks Sizes: 8×10, 11×14, 12×16, 12×18, 16×20, 18×24, 20×30, 24×36 in Frame not included — fits standard frames Printed to order, ships rolled from the US or EU Part of the Blush Geometric set — buy all three and save Colors may vary slightly between screens and print. Mid century modern wall art, abstract bathroom prints, rust and pink poster, geometric shapes print, powder room art, boho gallery wall print.	https://clayandline.com/products/mid-century-hourglass-print-bathroom-wall-art?utm_source=google&utm_medium=shopping&utm_campaign=google-shopping&utm_content=mid-century-hourglass-print-bathroom-wall-art	https://meakamst-stack.github.io/clayline-pinterest-feed/pins/blush-geometric-03/mid-century-hourglass-print-bathroom-wall-art-bath-vanity-v1.jpg	https://meakamst-stack.github.io/clayline-pinterest-feed/pins/blush-geometric-03/mid-century-hourglass-print-bathroom-wall-art-bath-cool-v1.jpg	in stock	24.00 USD	Clay & Line	new	Home & Garden > Decor > Artwork > Posters, Prints, & Visual Artwork	Home Decor > Wall Art > Bathroom	no	US:::5.79 USD	blush-geometric-03	poster
navy-mustard-rainbow-print-bathroom-wall-art	Navy and Mustard Rainbow Print | Abstract Bathroom Wall Art	Bold navy circle with rainbow lines. A navy circle split in two — curved rainbow lines above, solid navy below — with a small ochre sun on top. Graphic and grounding. Works on its own above a bathtub or vanity, or as the center piece of the three-print set. Details Enhanced matte paper, 189 g/m² (10.3 mil), museum-quality archival inks Sizes: 8×10, 11×14, 12×16, 12×18, 16×20, 18×24, 20×30, 24×36 in Frame not included — fits standard frames Printed to order, ships rolled from the US or EU Part of the Coastal Sun set — buy all three and save Colors may vary slightly between screens and print. Navy rainbow print, abstract bathroom wall art, mid century line art poster, navy and mustard decor, modern coastal print, neutral wall art for bathroom.	https://clayandline.com/products/navy-mustard-rainbow-print-bathroom-wall-art?utm_source=google&utm_medium=shopping&utm_campaign=google-shopping&utm_content=navy-mustard-rainbow-print-bathroom-wall-art	https://meakamst-stack.github.io/clayline-pinterest-feed/pins/coastal-sun-04/navy-mustard-rainbow-print-bathroom-wall-art-bath-vanity-v1.jpg	https://meakamst-stack.github.io/clayline-pinterest-feed/pins/coastal-sun-04/navy-mustard-rainbow-print-bathroom-wall-art-bath-cool-v1.jpg	in stock	24.00 USD	Clay & Line	new	Home & Garden > Decor > Artwork > Posters, Prints, & Visual Artwork	Home Decor > Wall Art > Bathroom	no	US:::5.79 USD	coastal-sun-04	poster
sage-green-botanical-arch-print-bathroom-wall-art	Sage Green Botanical Arch Print | Bathroom Wall Art	Calm sage bathroom art with a leafy branch. A dark olive branch rests inside a soft sage arch on a warm cream background — fresh, quiet and a little spa-like. Hang it above the toilet or next to the mirror for an easy botanical touch. Just as calm in a bedroom or entryway. Details Enhanced matte paper, 189 g/m² (10.3 mil), museum-quality archival inks Sizes: 8×10, 11×14, 12×16, 12×18, 16×20, 18×24, 20×30, 24×36 in Frame not included — fits standard frames Printed to order, ships rolled from the US or EU Part of the Sage Botanical set — buy all three and save Colors may vary slightly between screens and print. Sage green wall art, botanical bathroom print, boho arch poster, spa bathroom decor, minimalist plant print, neutral gallery wall art.	https://clayandline.com/products/sage-green-botanical-arch-print-bathroom-wall-art?utm_source=google&utm_medium=shopping&utm_campaign=google-shopping&utm_content=sage-green-botanical-arch-print-bathroom-wall-art	https://meakamst-stack.github.io/clayline-pinterest-feed/pins/sage-botanical-02/sage-green-botanical-arch-print-bathroom-wall-art-bath-vanity-v1.jpg	https://meakamst-stack.github.io/clayline-pinterest-feed/pins/sage-botanical-02/sage-green-botanical-arch-print-bathroom-wall-art-bath-cool-v1.jpg	in stock	24.00 USD	Clay & Line	new	Home & Garden > Decor > Artwork > Posters, Prints, & Visual Artwork	Home Decor > Wall Art > Bathroom	no	US:::5.79 USD	sage-botanical-02	poster
blush-pink-geometric-print-bathroom-wall-art	Blush Pink Geometric Print | Abstract Bathroom Wall Art	Soft blush pink shapes for a calm bathroom. Two blush half-circles curve toward each other around a dark plum center — soft, symmetrical and easy to live with. Made for bathroom walls and powder rooms — pairs with the other two Blush Geometric prints for a set that reads as one piece. Details Enhanced matte paper, 189 g/m² (10.3 mil), museum-quality archival inks Sizes: 8×10, 11×14, 12×16, 12×18, 16×20, 18×24, 20×30, 24×36 in Frame not included — fits standard frames Printed to order, ships rolled from the US or EU Part of the Blush Geometric set — buy all three and save Colors may vary slightly between screens and print. Blush pink wall art, pink bathroom decor, abstract geometric poster, minimalist shapes print, above toilet decor, girly apartment decor.	https://clayandline.com/products/blush-pink-geometric-print-bathroom-wall-art?utm_source=google&utm_medium=shopping&utm_campaign=google-shopping&utm_content=blush-pink-geometric-print-bathroom-wall-art	https://meakamst-stack.github.io/clayline-pinterest-feed/pins/blush-geometric-03/blush-pink-geometric-print-bathroom-wall-art-bath-vanity-v1.jpg	https://meakamst-stack.github.io/clayline-pinterest-feed/pins/blush-geometric-03/blush-pink-geometric-print-bathroom-wall-art-bath-cool-v1.jpg	in stock	24.00 USD	Clay & Line	new	Home & Garden > Decor > Artwork > Posters, Prints, & Visual Artwork	Home Decor > Wall Art > Bathroom	no	US:::5.79 USD	blush-geometric-03	poster
minimalist-plant-stem-print-sage-bathroom-wall-art	Minimalist Plant Stem Print | Sage Bathroom Wall Art	A single plant stem rising from a sage hill. A graphic leafy stem grows out of a soft sage half-circle, topped with a small clay dot. Clean lines, calm colors. Works on its own above a vanity or bathtub, or as the center piece of the three-print set. Details Enhanced matte paper, 189 g/m² (10.3 mil), museum-quality archival inks Sizes: 8×10, 11×14, 12×16, 12×18, 16×20, 18×24, 20×30, 24×36 in Frame not included — fits standard frames Printed to order, ships rolled from the US or EU Part of the Sage Botanical set — buy all three and save Colors may vary slightly between screens and print. Minimalist plant print, sage green bathroom decor, mid century botanical poster, eucalyptus style wall art, neutral bathroom wall art.	https://clayandline.com/products/minimalist-plant-stem-print-sage-bathroom-wall-art?utm_source=google&utm_medium=shopping&utm_campaign=google-shopping&utm_content=minimalist-plant-stem-print-sage-bathroom-wall-art	https://meakamst-stack.github.io/clayline-pinterest-feed/pins/sage-botanical-02/minimalist-plant-stem-print-sage-bathroom-wall-art-bath-vanity-v1.jpg	https://meakamst-stack.github.io/clayline-pinterest-feed/pins/sage-botanical-02/minimalist-plant-stem-print-sage-bathroom-wall-art-bath-cool-v1.jpg	in stock	24.00 USD	Clay & Line	new	Home & Garden > Decor > Artwork > Posters, Prints, & Visual Artwork	Home Decor > Wall Art > Bathroom	no	US:::5.79 USD	sage-botanical-02	poster
boho-palm-leaf-sun-print-bathroom-wall-art	Boho Palm Leaf Sun Print | Botanical Bathroom Wall Art	Boho palm leaf over a warm clay sun. An olive palm leaf sweeps across a round clay-colored sun, with plenty of cream space around it. Simple, warm and relaxed. Made for bathroom and powder room walls — pairs with the other two Sage Botanical prints for a set that reads as one piece. Details Enhanced matte paper, 189 g/m² (10.3 mil), museum-quality archival inks Sizes: 8×10, 11×14, 12×16, 12×18, 16×20, 18×24, 20×30, 24×36 in Frame not included — fits standard frames Printed to order, ships rolled from the US or EU Part of the Sage Botanical set — buy all three and save Colors may vary slightly between screens and print. Palm leaf wall art, boho bathroom prints, sage and terracotta poster, tropical minimalist print, above toilet decor, apartment wall decor.	https://clayandline.com/products/boho-palm-leaf-sun-print-bathroom-wall-art?utm_source=google&utm_medium=shopping&utm_campaign=google-shopping&utm_content=boho-palm-leaf-sun-print-bathroom-wall-art	https://meakamst-stack.github.io/clayline-pinterest-feed/pins/sage-botanical-02/boho-palm-leaf-sun-print-bathroom-wall-art-bath-vanity-v1.jpg	https://meakamst-stack.github.io/clayline-pinterest-feed/pins/sage-botanical-02/boho-palm-leaf-sun-print-bathroom-wall-art-bath-cool-v1.jpg	in stock	24.00 USD	Clay & Line	new	Home & Garden > Decor > Artwork > Posters, Prints, & Visual Artwork	Home Decor > Wall Art > Bathroom	no	US:::5.79 USD	sage-botanical-02	poster
bathroom-wall-art-set-of-3-terracotta-abs-51c9a066	Bathroom Wall Art Set of 3 | Terracotta Abstract Boho Prints	Three matching abstract prints for the bathroom. Sunrise Arch, Split Sun and Horizon share one palette — cream, terracotta, sand and charcoal — and one language of arches and suns, so they hang together as a single, calm composition. Buy the set and save compared to three single prints. Designed for bathroom and powder room walls; just as good above a bed or along a hallway. Details Enhanced matte paper, 189 g/m² (10.3 mil), museum-quality archival inks Sizes: 8×10, 11×14, 12×16, 12×18, 16×20, 18×24, 20×30, 24×36 in Frame not included — fits standard frames Printed to order, ships rolled from the US or EU Set of 3 prints — pick the size for each print Colors may vary slightly between screens and print. Bathroom wall art set of 3, terracotta boho prints, mid century modern gallery wall set, abstract arch and sun posters, neutral bathroom decor.	https://clayandline.com/products/bathroom-wall-art-set-of-3-terracotta-abstract-prints?utm_source=google&utm_medium=shopping&utm_campaign=google-shopping&utm_content=bathroom-wall-art-set-of-3-terracotta-abstract-prints	https://meakamst-stack.github.io/clayline-pinterest-feed/pins/terracotta-arches-01/bathroom-wall-art-set-of-3-terracotta-abstract-prints-bath-oak-3-v1.jpg		in stock	60.48 USD	Clay & Line	new	Home & Garden > Decor > Artwork > Posters, Prints, & Visual Artwork	Home Decor > Wall Art > Bathroom	no	US:::6.59 USD	terracotta-arches-01	set
boho-rainbow-sun-print-bathroom-wall-art	Boho Rainbow Sun Print | Abstract Bathroom Wall Art	Minimalist rainbow lines over a terracotta bowl. Nine charcoal arcs curve over a small sand sun, resting on a bold terracotta half-circle. Graphic and balanced, with lots of calm cream space around it. Made for bathroom walls and powder rooms — pairs with the other two Terracotta Arches prints for a set that reads as one piece. Details Enhanced matte paper, 189 g/m² (10.3 mil), museum-quality archival inks Sizes: 8×10, 11×14, 12×16, 12×18, 16×20, 18×24, 20×30, 24×36 in Frame not included — fits standard frames Printed to order, ships rolled from the US or EU Part of the Terracotta Arches set — buy all three and save Colors may vary slightly between screens and print. Boho rainbow wall art, abstract bathroom prints, terracotta and black poster, mid century modern line art, above toilet decor, apartment wall decor.	https://clayandline.com/products/boho-rainbow-sun-print-bathroom-wall-art?utm_source=google&utm_medium=shopping&utm_campaign=google-shopping&utm_content=boho-rainbow-sun-print-bathroom-wall-art	https://meakamst-stack.github.io/clayline-pinterest-feed/pins/terracotta-arches-01/boho-rainbow-sun-print-bathroom-wall-art-bath-vanity-v1.jpg	https://meakamst-stack.github.io/clayline-pinterest-feed/pins/terracotta-arches-01/boho-rainbow-sun-print-bathroom-wall-art-bath-dark-v1.jpg	in stock	24.00 USD	Clay & Line	new	Home & Garden > Decor > Artwork > Posters, Prints, & Visual Artwork	Home Decor > Wall Art > Bathroom	no	US:::5.79 USD	terracotta-arches-01	poster
terracotta-sun-arch-print-bathroom-wall-art	Terracotta Sun Arch Print | Abstract Bathroom Wall Art	Warm boho bathroom art with a rising sun. A terracotta sun peeks out from behind a soft sand-colored arch, finished with a single charcoal dot — calm, warm and a little playful. Printed on a cream background that runs to the edge, so it looks right in any frame. Hang it above the toilet, next to the mirror or as the anchor of a small gallery wall. Also at home in a bedroom or hallway. Details Enhanced matte paper, 189 g/m² (10.3 mil), museum-quality archival inks Sizes: 8×10, 11×14, 12×16, 12×18, 16×20, 18×24, 20×30, 24×36 in Frame not included — fits standard frames Printed to order, ships rolled from the US or EU Part of the Terracotta Arches set — buy all three and save Colors may vary slightly between screens and print. Mid century modern arch print, terracotta wall art, boho bathroom decor, abstract sun poster, powder room art, neutral gallery wall print.	https://clayandline.com/products/terracotta-sun-arch-print-bathroom-wall-art?utm_source=google&utm_medium=shopping&utm_campaign=google-shopping&utm_content=terracotta-sun-arch-print-bathroom-wall-art	https://meakamst-stack.github.io/clayline-pinterest-feed/pins/terracotta-arches-01/terracotta-sun-arch-print-bathroom-wall-art-bath-vanity-v1.jpg	https://meakamst-stack.github.io/clayline-pinterest-feed/pins/terracotta-arches-01/terracotta-sun-arch-print-bathroom-wall-art-bath-dark-v1.jpg	in stock	24.00 USD	Clay & Line	new	Home & Garden > Decor > Artwork > Posters, Prints, & Visual Artwork	Home Decor > Wall Art > Bathroom	no	US:::5.79 USD	terracotta-arches-01	poster
terracotta-sun-horizon-print-bathroom-wall-art	Terracotta Sun Horizon Print | Mid Century Bathroom Wall Art	A big terracotta sun setting behind curved lines. The largest shape of the set: a full terracotta circle sinking behind a charcoal line horizon, grounded by a soft sand bar. Simple, warm and easy to live with. Works on its own above a bathtub or vanity, or as the center piece of the three-print set. Details Enhanced matte paper, 189 g/m² (10.3 mil), museum-quality archival inks Sizes: 8×10, 11×14, 12×16, 12×18, 16×20, 18×24, 20×30, 24×36 in Frame not included — fits standard frames Printed to order, ships rolled from the US or EU Part of the Terracotta Arches set — buy all three and save Colors may vary slightly between screens and print. Abstract sun poster, terracotta wall art, mid century modern bathroom decor, boho sunset print, minimalist line art, neutral wall art for bathroom.	https://clayandline.com/products/terracotta-sun-horizon-print-bathroom-wall-art?utm_source=google&utm_medium=shopping&utm_campaign=google-shopping&utm_content=terracotta-sun-horizon-print-bathroom-wall-art	https://meakamst-stack.github.io/clayline-pinterest-feed/pins/terracotta-arches-01/terracotta-sun-horizon-print-bathroom-wall-art-bath-vanity-v1.jpg	https://meakamst-stack.github.io/clayline-pinterest-feed/pins/terracotta-arches-01/terracotta-sun-horizon-print-bathroom-wall-art-bath-dark-v1.jpg	in stock	24.00 USD	Clay & Line	new	Home & Garden > Decor > Artwork > Posters, Prints, & Visual Artwork	Home Decor > Wall Art > Bathroom	no	US:::5.79 USD	terracotta-arches-01	poster
